Category,URL
AI Research & Tech Blogs,https://openai.com/blog
AI Research & Tech Blogs,https://arxiv.org/list/cs.AI/recent
AI Research & Tech Blogs,https://ai.googleblog.com/
AI Research & Tech Blogs,https://deepmind.google/discover
AI Research & Tech Blogs,https://huggingface.co/blog
AI Research & Tech Blogs,https://blog.research.google/
AI Research & Tech Blogs,https://www.microsoft.com/en-us/research/blog/
AI Research & Tech Blogs,https://www.baai.ac.cn/blog
AI Research & Tech Blogs,https://scale.com/blog
AI Research & Tech Blogs,https://databricks.com/blog
AI Research & Tech Blogs,https://www.ibm.com/blogs/research/
AI Research & Tech Blogs,https://meta.com/ai/blog/
Developer Platforms & Engineering,https://dev.to
Developer Platforms & Engineering,https://engineering.fb.com/
Developer Platforms & Engineering,https://netflixtechblog.com/
Developer Platforms & Engineering,https://slack.engineering/
Developer Platforms & Engineering,https://dropbox.tech/
Developer Platforms & Engineering,https://blog.twitter.com/engineering
Developer Platforms & Engineering,https://discord.com/blog
Developer Platforms & Engineering,https://blog.cloudflare.com/
Developer Platforms & Engineering,https://engineering.atspotify.com/
Developer Platforms & Engineering,https://blog.stackoverflow.co/
Tech News & Trends,https://techcrunch.com
Tech News & Trends,https://thenextweb.com
Tech News & Trends,https://www.theverge.com/tech
Tech News & Trends,https://venturebeat.com/
Tech News & Trends,https://www.wired.com/category/tech/
Tech News & Trends,https://www.cnet.com/tech/
Tech News & Trends,https://gizmodo.com/tag/technology
Tech News & Trends,https://www.digitaltrends.com/
Tech News & Trends,https://www.zdnet.com/topic/tech-industry/
Tech News & Trends,https://www.makeuseof.com/tag/technology-news/
Tech News & Trends,https://news.ycombinator.com/
Tech News & Trends,https://www.producthunt.com/
Data Science & ML Blogs,https://towardsdatascience.com
Data Science & ML Blogs,https://sebastianraschka.com/blog/index.html
Data Science & ML Blogs,https://rpubs.com/
Data Science & ML Blogs,https://ml.berkeley.edu/blog
Data Science & ML Blogs,https://distill.pub/
Data Science & ML Blogs,https://machinelearningmastery.com/blog/
Data Science & ML Blogs,https://analyticsvidhya.com/blog/
Data Science & ML Blogs,https://thegradient.pub/
Data Science & ML Blogs,https://fastpages.fast.ai/
Data Science & ML Blogs,https://karpathy.github.io/
"Startup, Product & Strategy Blogs",https://a16z.com/tech/
"Startup, Product & Strategy Blogs",https://firstround.com/review/
"Startup, Product & Strategy Blogs",https://eladgil.com/
"Startup, Product & Strategy Blogs",https://blog.ycombinator.com/
"Startup, Product & Strategy Blogs",https://reforge.com/blog
"Startup, Product & Strategy Blogs",https://stratechery.com/
